{
  "grad_norms": {
    "fc_out": 2.2062128464178307e-14,
    "layers.12": 1.577247133829787e-15,
    "layers.8": 1.4064619453177114e-16,
    "layers.4": 9.989980198991735e-18,
    "layers.0": 8.099138893502309e-19,
    "embed": 3.8338839114855426e-19
  },
  "spike_rates": {
    "layers.3": 0.275390625,
    "layers.7": 0.3310546875,
    "layers.11": 0.34765625,
    "layers.15": 0.40625,
    "lif_out": 0.015384615398943424
  },
  "activation_stats": {
    "layers.3": {
      "mean": 0.275390625,
      "std": 0.4467126131057739,
      "max": 1.0,
      "min": 0.0
    },
    "layers.7": {
      "mean": 0.3310546875,
      "std": 0.47059449553489685,
      "max": 1.0,
      "min": 0.0
    },
    "layers.11": {
      "mean": 0.34765625,
      "std": 0.4762279987335205,
      "max": 1.0,
      "min": 0.0
    },
    "layers.15": {
      "mean": 0.40625,
      "std": 0.4911341965198517,
      "max": 1.0,
      "min": 0.0
    },
    "lif_out": {
      "mean": 0.015384615398943424,
      "std": 0.12308431416749954,
      "max": 1.0,
      "min": 0.0
    }
  }
}